{
  "train_losses": [
    2.6667931673412277,
    2.451595977902776,
    2.4576503747347287,
    2.456391498173882,
    2.45635703721697,
    2.4563506116818,
    2.4563483367333325,
    2.4563463163539403,
    2.456344132266212,
    2.45634184200771
  ],
  "dev_losses": [
    1.9585273723776748,
    1.9600361491121896,
    1.9599787425704118,
    1.9599674205954483,
    1.9599723205333803,
    1.9599769318976052,
    1.959979823449763,
    1.95998110058831,
    1.959981652294717,
    1.959981652294717
  ]
}