{
  "train_losses": [
    3.204892419823786,
    2.9888976679705994,
    2.9835945589513315,
    2.988678420280538,
    2.987028684557938,
    2.9889532574793187,
    2.969654620011769,
    2.986602220048265,
    2.9836375749692685,
    2.9933582271744563
  ],
  "dev_losses": [
    2.9880040535112706,
    2.908170966113486,
    2.873255286274887,
    2.8543406797618402,
    2.855264852686626,
    2.8559610509290927,
    3.008291068600445,
    2.9017837207491803,
    2.8690037509290183,
    2.8776339539667455
  ]
}