{
  "train_losses": [
    5.9732737021021,
    0.02627034668575942,
    0.018807868035964487,
    0.017007022704247657,
    0.01620026292351294,
    0.015332290894215608,
    0.014976242023361166,
    0.014850609796689597,
    0.01471557477261962,
    0.014785166221246789
  ],
  "dev_losses": [
    0.057206575608541886,
    0.01764472270564687,
    0.017088158536822565,
    0.01484784363738952,
    0.014142743845079695,
    0.013815239590081957,
    0.013466104050166905,
    0.014237062630033302,
    0.016237679418296583,
    0.01669979188591242
  ]
}