{
  "train_losses": [
    13155.1176107319,
    0.4198161975662338,
    0.07466041733703871,
    0.045046409858935856,
    0.034974844623697786,
    0.03096284364384213,
    0.029700001065687435,
    0.02942067312883077,
    0.029344814037336263,
    0.029343942847534468
  ],
  "dev_losses": [
    1.2573830121900977,
    0.12307353245048988,
    0.05460512283735159,
    0.03993913245092078,
    0.033451092179592065,
    0.031165270066661078,
    0.030503363870992894,
    0.030357047711022017,
    0.030332039905393997,
    0.030317837304276663
  ]
}