{
  "train_losses": [
    47.39270721262366,
    0.638482309582575,
    0.09575513169373863,
    0.061617830041341665,
    0.04445505048227837
  ],
  "dev_losses": [
    0.17673372004817173,
    0.1187757827886721,
    0.07447175113711416,
    0.05007333803649356,
    0.03569643326648852
  ]
}