{
  "train_losses": [
    37.626650275418356,
    0.131394138059965,
    0.05035599933017227,
    0.04341995594852672,
    0.035159432888598886
  ],
  "dev_losses": [
    0.0726408691304486,
    0.05632390068253366,
    0.0439739020132437,
    0.04022506151984378,
    0.03188573291934118
  ]
}