{
  "train_losses": [
    41.001078282613534,
    0.09013866005101945,
    0.06973514480448169,
    0.03718312630691088,
    0.032403622912924465
  ],
  "dev_losses": [
    0.0957893906388341,
    0.0808135872116176,
    0.04496219281743213,
    0.033639789490801535,
    0.03556646933642829
  ]
}