{
  "train_losses": [
    4.685898721763274,
    2.9471738431148413,
    2.9441816530576568,
    2.944216265547566,
    2.943684873239296,
    2.947982895483331,
    2.9439958174054217,
    2.9438038344790294,
    2.9452804314290604,
    2.9461193611709082
  ],
  "dev_losses": [
    2.9674224853515625,
    2.9664735677765637,
    2.9674480688281175,
    2.964200578084806,
    2.9715436289950117,
    2.970337434512813,
    2.9649751971407636,
    2.9727603138946908,
    2.9657294139629458,
    2.96415583098807
  ]
}