{
  "train_losses": [
    4.32220688105629,
    2.5189247264004333,
    2.521645368417589,
    2.533321749668841,
    2.5481914637337733,
    2.566777782605552,
    2.58716460224241,
    2.6134363673173073,
    2.641426806428992,
    2.6623736858913083
  ],
  "dev_losses": [
    1.986722089895388,
    1.9867526350951776,
    1.9866390133776315,
    1.9868685094321645,
    1.988634169101715,
    1.9933802710800637,
    2.0036637390532146,
    2.026693712647368,
    2.06063864725392,
    2.0946867618618943
  ]
}