{
  "train_losses": [
    1064.9362271887976,
    3.5846896258228256,
    0.12646256612114062,
    83.9267686431228,
    0.09004965399550956
  ],
  "dev_losses": [
    0.16561518818503473,
    0.33078187704086304,
    0.11713113263249397,
    0.09748819906537126,
    0.11443457888757311
  ]
}