{
  "train_losses": [
    1050.8724925438078,
    3.9620810965098805,
    17.94253871745498,
    0.11331214198115759,
    0.10675459332968586
  ],
  "dev_losses": [
    0.15814350854332854,
    0.18870860774342607,
    0.10754706274445464,
    0.12072655549500047,
    0.16537969068783084
  ]
}