{
  "train_losses": [
    329251.7689890916,
    0.030157865945068075,
    0.03054829155912668,
    0.030714419042896027,
    0.030889744555191476
  ],
  "dev_losses": [
    0.03093464690737608,
    0.0307145417872362,
    0.02944504712685579,
    0.029992021165969895,
    0.029452540252993747
  ]
}