{
  "train_losses": [
    4.666680930954654,
    2.920668889836567,
    2.921431073146622,
    2.9211167531406006,
    2.922995496086958,
    2.9234659971623884,
    2.923090686158436,
    2.921287725974874,
    2.9231397838490767,
    2.9253787013088783
  ],
  "dev_losses": [
    3.0545621703310712,
    3.063526682737397,
    3.0576734426544934,
    3.052142380214319,
    3.056138765521166,
    3.075136709504011,
    3.0546787308483587,
    3.0617687207896536,
    3.052091857282127,
    3.0742944508064083
  ]
}