{
  "train_losses": [
    4.32220688105629,
    2.5038868321060406,
    2.492713259464902,
    2.489354114888645,
    2.4866027318440924,
    2.4853328734227436,
    2.4859836790029233,
    2.486204725690186,
    2.485043606266561,
    2.4848656952153982
  ],
  "dev_losses": [
    1.986722089895388,
    1.987988738751993,
    1.9895202902758993,
    1.9897564693195064,
    1.9902063760815598,
    1.9902369976043701,
    1.9901913084634921,
    1.990104730536298,
    1.9899496886788346,
    1.9900524703467763
  ]
}