{
  "train_losses": [
    13358.520147834519,
    0.10941203187287944,
    0.029389691283562926,
    0.029510418949762314,
    0.029499277708166075,
    0.0294065033426372,
    0.02944188916107367,
    0.02944770213727635,
    0.029377471130318578,
    0.029431010400535675
  ],
  "dev_losses": [
    0.40997346072662166,
    0.030240043384454598,
    0.03031259863750964,
    0.030820154948387204,
    0.03055059450973825,
    0.030635916900525733,
    0.030739068348960178,
    0.030538062951186808,
    0.030567867863105565,
    0.030483329009900733
  ]
}