{
  "train_losses": [
    8.120798204911917,
    2.939009968282246,
    2.93744436251681,
    2.9391968268446806,
    2.938075883359444,
    2.939050795828424,
    2.9414237624988324,
    2.9378761249344523,
    2.936639946226667,
    2.938843239553091
  ],
  "dev_losses": [
    2.9696639485475496,
    2.970160853572008,
    2.969676064281929,
    2.973224814345197,
    2.97428887064864,
    2.9768458692038933,
    2.975192253182574,
    2.9698611207124666,
    2.969990459884085,
    2.970804576466723
  ]
}