{
  "train_losses": [
    8.362782141330038,
    2.8067362311909476,
    2.764955535167601,
    2.7383833703380533,
    2.6968709890980547,
    2.6826880936306425,
    2.6755106926146075,
    2.6712510290033205,
    2.6828168555412715,
    2.692097502624298
  ],
  "dev_losses": [
    2.4956371885974233,
    2.3982975548360406,
    2.29317065128466,
    2.239599594982659,
    2.1563789074013875,
    2.1171140692582946,
    2.0953433222886995,
    2.0855820178985596,
    2.116401276210459,
    2.1401698494829784
  ]
}