{
  "train_losses": [
    2.775166830047965,
    2.647639586294933,
    2.5795541678487166,
    2.537625227645948,
    2.50850931096186,
    2.48954673020578,
    2.4736851739311,
    2.459785073245989,
    2.4532043966351122,
    2.4426078665774407
  ],
  "dev_losses": [
    2.2268504362280774,
    1.9766607364503348,
    1.931719207909049,
    1.9324204463784287,
    1.9470560063676137,
    1.9696557957951615,
    1.9692187883505008,
    1.9618610986849156,
    1.958099769382942,
    1.9620754544327899
  ]
}