{
  "train_losses": [
    3.1618221513018376,
    3.0363831325638584,
    3.047464416703073,
    3.033274382716272,
    2.9940211305894504,
    2.9871023608053604,
    2.9747722350606103,
    2.9989181935060314,
    2.9819265585847017,
    2.97352774786513
  ],
  "dev_losses": [
    3.172045498359494,
    2.902916066530274,
    3.2107670641526944,
    3.0366428872434104,
    2.9039235652946846,
    3.026439134667559,
    2.9171946194113754,
    2.9078489629233757,
    2.919128682555222,
    2.9058475174554963
  ]
}