{
  "train_losses": [
    2.6667931673412277,
    2.4436246585782344,
    2.44100567612161,
    2.4368709332150655,
    2.4354816661784198,
    2.433857457598717,
    2.4331026223101992,
    2.433433193122832,
    2.4348487148015963,
    2.437783351713201
  ],
  "dev_losses": [
    1.9585273723776748,
    1.9599184197623556,
    1.9694405387087566,
    1.9774050727123167,
    1.995407051429516,
    1.9962611925311204,
    1.9944326441462448,
    1.9973556791863791,
    2.001028356755652,
    2.000583977234073
  ]
}