{
  "train_losses": [
    3.2098549482662504,
    2.9696254964645314,
    2.9754051415295137,
    2.9702897682422544,
    2.9665994733208563,
    2.961047287212639,
    2.9653893840022203,
    2.9589013806203517,
    2.961147517329309,
    2.95677811906832
  ],
  "dev_losses": [
    2.9322057468135183,
    2.9196588789544453,
    2.930176903561848,
    3.134512956549482,
    2.9250342424322917,
    2.9392125606536865,
    2.9413686322002874,
    2.983444564226197,
    2.9257843959622267,
    2.923198080644375
  ]
}