{
  "train_losses": [
    97.15986005214566,
    0.05611994949725979,
    0.07055231243110739,
    0.04463242534718408,
    0.0443296950940815
  ],
  "dev_losses": [
    0.07539423323440843,
    0.039835837737816134,
    0.0413566321225428,
    0.08323915520819222,
    0.036482437082180165
  ]
}