{
  "train_losses": [
    13060.77318838668,
    0.6507136898751302,
    0.2255612992704278,
    0.21614219255109385,
    2.6994972560872754
  ],
  "dev_losses": [
    0.23568417168245082,
    0.2321717877213548,
    0.22207908205142834,
    0.2119303196668625,
    1.5565365363911885
  ]
}