{
  "train_losses": [
    13302.997152827022,
    3.5826467185213073,
    2.0054640319970685,
    0.21102419595529393,
    0.2017106076747906
  ],
  "dev_losses": [
    0.2429706970366036,
    0.2508651592382571,
    0.292359487676039,
    0.19651654653432893,
    0.1876995638012886
  ]
}