{
  "train_losses": [
    8.103720806175616,
    2.932555209754444,
    2.9324814906207526,
    2.933867845048265,
    2.9323864722760713,
    2.9343666525148766,
    2.9327296414753286,
    2.9334343381044343,
    2.933737454254453,
    2.9359724305388406
  ],
  "dev_losses": [
    2.9218541965252016,
    2.9248838599135234,
    2.923318394800512,
    2.9269226963927104,
    2.9226637206426482,
    2.9241500133421363,
    2.921296369738695,
    2.923783235433625,
    2.923150774909229,
    2.9238106535702215
  ]
}