{
  "train_losses": [
    8.362782141330038,
    2.8447079611260717,
    2.850588623161723,
    2.8677350938910755,
    2.8424326830838873,
    2.8148997283154507,
    2.819821889035222,
    2.8232421050893097,
    2.882134581757028,
    2.9237641214461223
  ],
  "dev_losses": [
    2.4956371885974233,
    2.519273908399954,
    2.5444332255822855,
    2.613189025986485,
    2.6694797818980565,
    2.6801227287548346,
    2.7095757788274346,
    2.7219388048823285,
    2.8229687620953814,
    2.8725685768011138
  ]
}