{
  "train_losses": [
    3.243193579337946,
    3.0177037339748405,
    3.029264143145666,
    3.029135498150093,
    3.0378094208313198,
    3.0380903638717607,
    3.014958607532629,
    3.0250439934614226,
    2.9964386008498147,
    3.001388774594156
  ],
  "dev_losses": [
    2.822366071910393,
    2.825620223836201,
    2.9216100907907254,
    3.178477371611246,
    3.137868471261932,
    3.037029586187223,
    2.90775416537029,
    3.055990565113905,
    2.879869405816241,
    2.8293589920532414
  ]
}