{
  "train_losses": [
    2.775166830047965,
    2.6719863416354466,
    2.625829272789926,
    2.584701479253609,
    2.55333113595389,
    2.529796230175146,
    2.512488554277253,
    2.49892372435822,
    2.4873895805283652,
    2.4769364663331612
  ],
  "dev_losses": [
    2.2268504362280774,
    2.037843233928448,
    1.95141014093306,
    1.9323258748868617,
    1.930633339940048,
    1.9340473929556405,
    1.9438495446995991,
    1.9599674205954483,
    1.9711579491452473,
    1.9706191195220482
  ]
}