{
  "train_losses": [
    14593.061817938906,
    0.1333455304933212,
    0.07941513506286754,
    0.04751537283371407,
    0.033926815199154636,
    0.030155342776419188,
    0.029480756865246448,
    0.0294801709384135,
    0.029405881744446007,
    0.029420773033052683
  ],
  "dev_losses": [
    0.16723583447860507,
    0.10485388138672201,
    0.06076877491503227,
    0.038811290682089036,
    0.031178458525640208,
    0.029464462226847322,
    0.029193137522514272,
    0.02916289250389105,
    0.02916037134553601,
    0.029162383842759015
  ]
}