{
  "train_losses": [
    269.9992012968741,
    0.08142122229356773,
    0.07257092859959458,
    0.06926728562429184,
    0.05607595268307572
  ],
  "dev_losses": [
    0.08650958129182094,
    0.07392745705821165,
    0.06753114111176352,
    0.061880820135517815,
    0.04431943445489174
  ]
}