{
  "train_losses": [
    3.204092378296503,
    2.9784514162598588,
    2.98190659320936,
    2.978361917886792,
    2.973297230535891,
    2.978875201286339,
    2.9719936671416933,
    2.9735941365361214,
    2.9756935814895282,
    2.9735959919124113
  ],
  "dev_losses": [
    2.888347712958731,
    2.945288169674757,
    2.916032250334577,
    2.914819769743012,
    2.9149633471558736,
    2.8831255930226023,
    2.883222280479059,
    2.9158981020857646,
    3.094659075504396,
    2.980985603681425
  ]
}