{
  "train_losses": [
    2.6667931673412277,
    2.4483818978116645,
    2.4488328880198846,
    2.4480785814500075,
    2.4452951381028427,
    2.443287528097266,
    2.4416872350862477,
    2.4403736708776615,
    2.4392688218958494,
    2.4383049577292875
  ],
  "dev_losses": [
    1.9585273723776748,
    1.9580192987511797,
    1.9584444426908725,
    1.9581540684874466,
    1.9592485842181415,
    1.9615539355975826,
    1.9651228291232412,
    1.9698693708675663,
    1.9754872503803997,
    1.9814398979268424
  ]
}