{
  "train_losses": [
    159.75224772110445,
    0.14353010591074097,
    0.26114026980656313,
    0.05092874682712846,
    0.040553383608689396
  ],
  "dev_losses": [
    0.15472147795485286,
    0.09233604480580586,
    0.05671347559588712,
    0.0402274650589722,
    0.030782662672785725
  ]
}