{
  "train_losses": [
    1167.2469910011719,
    0.7412839992789597,
    0.11555392807349563,
    0.11383086548572997,
    0.182345365946431
  ],
  "dev_losses": [
    0.12002659016629545,
    0.11990855370716351,
    0.16807634964948748,
    0.11144408074820913,
    3.4268290909325203
  ]
}