{
  "train_losses": [
    3.1524157793056675,
    3.03903385560687,
    3.0615918694472892,
    3.0652243760300846,
    3.044807849860773,
    3.040075220894523,
    3.0517738186186407,
    3.0358453691005707,
    3.0292945129842295,
    3.019694342118938
  ],
  "dev_losses": [
    2.9804476208803132,
    3.2351517124873834,
    3.283446407899624,
    2.9818376564398044,
    3.386041420262034,
    2.9816177560061945,
    3.245489658378973,
    3.851095949731222,
    2.9903684941733757,
    3.1282888563667854
  ]
}