{
  "train_losses": [
    2.775166830047965,
    2.692869314855737,
    2.6932667619889465,
    2.6933027179003126,
    2.6840441142685894,
    2.6933439611343712,
    2.693305031964328,
    2.693335846429918,
    2.6933452933572415,
    2.684507259667465
  ],
  "dev_losses": [
    2.2268504362280774,
    2.2492257044082735,
    2.2562117612943418,
    2.258527076825863,
    2.263162333063963,
    2.261881321668625,
    2.261237903339107,
    2.260969013702579,
    2.2608055712246315,
    2.2634720933146593
  ]
}