{
  "train_losses": [
    195153.55846430792,
    0.24332269001752138,
    0.22689062856682918,
    0.22687755279788158,
    0.23333104456797604
  ],
  "dev_losses": [
    0.22742293466155122,
    0.22735362917911717,
    0.227385752629943,
    0.22704919682043354,
    0.22680908786814388
  ]
}