{
  "train_losses": [
    31.343322957349123,
    0.06520190874182778,
    0.044962128647035214,
    0.03606696178988985,
    0.06142627619627136
  ],
  "dev_losses": [
    0.07224815556915795,
    0.055181316713370926,
    0.03755813291886958,
    0.032818573708759576,
    0.03003892343400455
  ]
}