{
  "train_losses": [
    10.078367041317913,
    0.18857084388837098,
    0.02418435166582344,
    0.021691249768681278,
    0.0203582996604737,
    0.019258845536931742,
    0.018586361553610826,
    0.017738917643749495,
    0.01696630957161599,
    0.016279838627158868
  ],
  "dev_losses": [
    0.5310786020371222,
    0.026537309896441236,
    0.020593175003605503,
    0.0206730829461688,
    0.017907706209488453,
    0.0172660073205348,
    0.016494630175011772,
    0.015783912036567926,
    0.016093229349221912,
    0.014823473674515563
  ]
}