{
  "train_losses": [
    12665.743190055146,
    0.21930906122050633,
    0.11698340149823486,
    0.06038969745802716,
    0.03747064349377846,
    0.03078044688601683,
    0.029513171706462234,
    0.029328895025750305,
    0.02934486047569208,
    0.029339173479323705
  ],
  "dev_losses": [
    0.2787971300322835,
    0.16088962654878453,
    0.08191743097835924,
    0.04511588300782733,
    0.03282253832624453,
    0.02991746963433376,
    0.029472860007933,
    0.029425076708742757,
    0.02942054848209387,
    0.02941708736939401
  ]
}