{
  "train_losses": [
    4.32220688105629,
    2.5278812138045708,
    2.5418523853508437,
    2.5643313452601433,
    2.5960600488796466,
    2.6295303136746333,
    2.666485694032617,
    2.701392906854247,
    2.730012949010948,
    2.751137032650593
  ],
  "dev_losses": [
    1.986722089895388,
    1.986636594301317,
    1.9878652640959111,
    1.9928075591238534,
    2.011381646481956,
    2.0424351561360243,
    2.100097723123504,
    2.182534659781107,
    2.274612322086241,
    2.366961264755668
  ]
}