{
  "train_losses": [
    4.676783698179373,
    2.936735781954556,
    2.9360219774449745,
    2.934963595758124,
    2.9348715342944716,
    2.9385100246929543,
    2.934868489096804,
    2.9364548043870347,
    2.9361565518306523,
    2.937126740631534
  ],
  "dev_losses": [
    2.9666492575552406,
    2.969103843700595,
    2.9680262251598077,
    2.968464477760036,
    2.9671742436362476,
    2.9686108914817253,
    2.966622970453123,
    2.9681636211348743,
    2.9666031628120235,
    2.9681070083525123
  ]
}