{
  "train_losses": [
    3.4939826207190023,
    2.940706860546659,
    2.940774735154175,
    2.94107343801638,
    2.942850692424832,
    2.9445711228905656,
    2.9390081283522815,
    2.9385913700410504,
    2.938653779102535,
    2.9363315754183907
  ],
  "dev_losses": [
    3.0150906865189717,
    3.0183860063552856,
    3.0162816047668457,
    3.0153070470181906,
    3.0329699051089403,
    3.015567488786651,
    3.0175852397593057,
    3.0271682957323587,
    3.016044629783165,
    3.016445606220059
  ]
}