{
  "train_losses": [
    2.9654742018660394,
    2.4340584048683325,
    2.4351222871053144,
    2.436934596404615,
    2.4419824413092033,
    2.4419820240539747,
    2.445329802065361,
    2.449854336542691,
    2.455642135155092,
    2.462688380738766
  ],
  "dev_losses": [
    1.9997248838587505,
    2.0002154577069167,
    2.0013073668247316,
    2.0012048192140535,
    1.9994653005425522,
    1.9969475538265415,
    1.9945087781766566,
    1.9929948223800193,
    1.992261521699952,
    1.9919621653673125
  ]
}