{
  "train_losses": [
    965.7382535716382,
    20.223705293201817,
    20.2302227674461,
    28.893141764693144,
    24.81583383461324
  ],
  "dev_losses": [
    18.094886081974682,
    17.609155166439894,
    16.794086165544464,
    29.099204365800066,
    12.96270139042924
  ]
}