{
  "train_losses": [
    1899.3762592106332,
    16.11593444172929,
    22.638212000451436,
    16.099885103179187,
    23.67811719673436
  ],
  "dev_losses": [
    18.570916664309618,
    14.849788712292183,
    16.710120852400618,
    15.146773803524855,
    14.198770825455828
  ]
}