{
  "train_losses": [
    8.362782141330038,
    2.8190663691110363,
    2.792761095231626,
    2.780519937210512,
    2.737578833316703,
    2.7294821260814985,
    2.750660953180092,
    2.7395496353870485,
    2.736693849264667,
    2.759384693010006
  ],
  "dev_losses": [
    2.4956371885974233,
    2.437379134864342,
    2.3726408467060183,
    2.3573224951581255,
    2.2893573983413416,
    2.265389519493754,
    2.3274486203019213,
    2.3007713868850614,
    2.2868308403143067,
    2.36941489649982
  ]
}