{
  "train_losses": [
    8.112215098629637,
    2.9445071979993727,
    2.9456156236005993,
    2.945290692877479,
    2.943686714804754,
    2.9455426455270954,
    2.944614158534422,
    2.94652660300092,
    2.9446240011148337,
    2.9485082003038103
  ],
  "dev_losses": [
    2.8819492386608587,
    2.8827559715364037,
    2.8854594637707964,
    2.8842266100208933,
    2.890950487881172,
    2.891112734631794,
    2.881444689704151,
    2.882236128900109,
    2.884059362295197,
    2.8816660032039736
  ]
}