{
  "train_losses": [
    1289.0384193658829,
    15.734965943708652,
    15.138593333523447,
    15.06090910841779,
    15.070615400628347
  ],
  "dev_losses": [
    15.620776920783811,
    15.796682869515768,
    14.819265923848967,
    14.480517096635772,
    15.274395093685243
  ]
}