{
  "train_losses": [
    14024.945271855993,
    0.02961495289261021,
    0.029620950536166386,
    0.02964765161684737,
    0.02958745496892711,
    0.029491319485781032,
    0.029516488901430334,
    0.029555504017214223,
    0.02947516741923897,
    0.029451766349488824
  ],
  "dev_losses": [
    0.030137769741619507,
    0.029900427362540873,
    0.030934352382290656,
    0.029698401530523125,
    0.02968224060789841,
    0.02961240506662828,
    0.029708605236941722,
    0.02986043453125692,
    0.02965716772326609,
    0.02967741801517039
  ]
}