{
  "train_losses": [
    13519.006326757735,
    10.795558178570213,
    0.1626304625987825,
    0.08190927608506526,
    0.04509019610335732
  ],
  "dev_losses": [
    0.31357282981639956,
    0.21897635118263523,
    0.11237678222539949,
    0.05726836444582881,
    0.036318950673065536
  ]
}