{
  "train_losses": [
    15678.683830453092,
    0.0298727795839446,
    0.030032738747938378,
    0.029922439594662224,
    0.02994078723145876
  ],
  "dev_losses": [
    0.02842989541226771,
    0.028379910648232552,
    0.028324214514435793,
    0.028815716686772137,
    0.028337230292580475
  ]
}