{
  "train_losses": [
    23809.90823398844,
    0.22969682598713695,
    0.2286499380247622,
    0.9885527871821712,
    0.2197925797777205
  ],
  "dev_losses": [
    0.22338302506179344,
    0.22384858040547953,
    0.22092990068400778,
    0.21405256485066762,
    0.20941069304216198
  ]
}