{
  "train_losses": [
    20442.919857674144,
    0.2246917530712558,
    0.22268236873716843,
    0.5577289534096674,
    0.21450851343163266
  ],
  "dev_losses": [
    0.21826070946891132,
    0.21580867414794316,
    0.2135838391940768,
    0.20854808626378454,
    0.21560938856223735
  ]
}