{
  "train_losses": [
    3.2054453521240047,
    2.9634498315976887,
    2.964241209553509,
    2.9662775864324917,
    2.9661101655262274,
    2.959335060381308,
    2.967554880351555,
    2.959700056329006,
    2.9584063934843714,
    2.9571994175998175
  ],
  "dev_losses": [
    2.9759583327828385,
    2.969080017834175,
    2.9739926442867373,
    2.9560261034384006,
    2.963028814734482,
    2.955218254066095,
    2.9520629789771102,
    2.952133521801088,
    2.967666736463221,
    2.956587494873419
  ]
}