{
  "train_losses": [
    2.6667931673412277,
    2.4459258943296422,
    2.4446084277658926,
    2.4406481344343685,
    2.43930874549125,
    2.4372795894060557,
    2.435702623526861,
    2.4344201350539194,
    2.4335109371828234,
    2.433039767145202
  ],
  "dev_losses": [
    1.9585273723776748,
    1.9581155987774455,
    1.9579850057276285,
    1.9639504333821738,
    1.975871848623927,
    1.9881186310837908,
    1.9956912013088786,
    1.9972272108240825,
    1.9956001254116618,
    1.994415597217839
  ]
}