{
  "train_losses": [
    2308.4564134711172,
    78.98276321917045,
    36.79471160144341,
    21.086985797416872,
    82.12721939275905
  ],
  "dev_losses": [
    16.01057197989487,
    30.72920294505794,
    13.20041492508679,
    302.50817201195696,
    8.650349587928957
  ]
}