{
  "train_losses": [
    2146.2479600330544,
    0.13329519473425136,
    0.1316328209302411,
    0.12927683865333475,
    0.12672569034848272
  ],
  "dev_losses": [
    0.13097237659300245,
    0.13132274287139498,
    0.1286847154359992,
    0.12582121353323866,
    0.12146194624464686
  ]
}