{
  "train_losses": [
    30.046190968567007,
    0.1457272602455327,
    0.04657444681563392,
    0.07739772570955498,
    0.19172085783012757
  ],
  "dev_losses": [
    0.05220419518286135,
    0.04477217211955931,
    0.03459345460755796,
    0.05375418494023928,
    0.06268588785172963
  ]
}