{
  "train_losses": [
    18091.991073203306,
    0.14522502705363965,
    4.237950867405388,
    34.19997994171274,
    0.09934766894978721
  ],
  "dev_losses": [
    0.1176099927141899,
    0.10306476211039031,
    0.11770328606774168,
    0.10047501316521226,
    0.10025749182919176
  ]
}