{
  "train_losses": [
    2.1568668540756453,
    0.018594264152187217,
    0.01632895506729137,
    0.01500823745519165,
    0.014978485121353855,
    0.01476711570947787,
    0.014496897317930996,
    0.014620701612987957,
    0.014814212738453009,
    0.014640894342721174
  ],
  "dev_losses": [
    0.022084397684422233,
    0.016317221463748043,
    0.015074596567560107,
    0.014611856456124974,
    0.015955057678624027,
    0.014351275141140627,
    0.013429707261703668,
    0.015472080723773088,
    0.014183826399065794,
    0.014487068867310882
  ]
}