{
  "train_losses": [
    66229.84991669664,
    0.02975301318177272,
    0.03257087258076886,
    0.030059317084279183,
    0.029861524871482355
  ],
  "dev_losses": [
    0.029452562014140735,
    0.029704955451917356,
    0.029979630827722027,
    0.02989704298173509,
    0.030323328132309566
  ]
}