{
  "train_losses": [
    2.9654742018660394,
    2.433675301488398,
    2.4342379788981705,
    2.435308440838282,
    2.4362471533439507,
    2.4358638672203554,
    2.4364305526109002,
    2.4373589094228496,
    2.4383922142499106,
    2.440041962488577
  ],
  "dev_losses": [
    1.9997248838587505,
    1.998838847730218,
    1.9994126296624906,
    2.0003645078438086,
    2.0011025732610284,
    2.001442255770288,
    2.001298592584889,
    2.0006858481139673,
    1.9997058779728123,
    1.9985108935251468
  ]
}