{
  "train_losses": [
    3.4851142794984145,
    2.959926502915417,
    2.960845288343546,
    2.963511871310269,
    2.9716338795132753,
    2.96250055748515,
    2.96005259163496,
    2.961678848760884,
    2.9642444336559715,
    2.9662972884934122
  ],
  "dev_losses": [
    2.920220463741116,
    2.9193376419020862,
    2.9267606139183044,
    2.933469237350836,
    2.9239907555463835,
    2.9251595924540266,
    2.941728003141357,
    2.9516642340799657,
    2.918348203345043,
    2.918921054863348
  ]
}