{
  "train_losses": [
    2.01233839369909,
    0.018328376242141352,
    0.017645448537134543,
    0.01752302258813042,
    0.01759347034432751,
    0.017895796660871464,
    0.01763647704525298,
    0.018414738956210392,
    0.018070226653509328,
    0.018295096544874455
  ],
  "dev_losses": [
    0.024570707156653365,
    0.018594003567892696,
    0.018983626572956002,
    0.01865461531786188,
    0.01902415801680857,
    0.019114967030022415,
    0.0213254262813397,
    0.018686721972640482,
    0.021406394534654195,
    0.01839801395732549
  ]
}