{
  "train_losses": [
    3.6852886165545238,
    2.9780611802891985,
    2.975229948032193,
    2.445772593326079,
    0.03391841326355631,
    0.021777137610455598,
    0.01922581854325575,
    0.017836260120005807,
    0.01758253748899674,
    0.017539069334771937
  ],
  "dev_losses": [
    2.9248338110985292,
    2.9193825529467676,
    2.9328981484136274,
    0.048392941123775894,
    0.019354769118851232,
    0.025055398323362874,
    0.020090680126281034,
    0.016984422999103705,
    0.02656807215704072,
    0.05912851878712254
  ]
}