{
  "train_losses": [
    11.234480883199268,
    0.33961268105521436,
    0.11355615200520289,
    0.07626551814752108,
    0.06448420460858359
  ],
  "dev_losses": [
    0.24681630076431646,
    0.12265875354045774,
    0.09361621183229656,
    0.05546678420973987,
    0.0767077904012872
  ]
}