{
  "train_losses": [
    65724.8134521673,
    0.22373491164478587,
    0.22318430208578344,
    0.44244330162863904,
    0.2169868595352987
  ],
  "dev_losses": [
    0.22958948917505217,
    0.2251056772543163,
    0.21887887523668567,
    0.2167204754745088,
    0.2304422915345285
  ]
}