{
  "train_losses": [
    0.4807850702436701,
    0.02390776512618139,
    0.021724441892285718,
    0.021791338566614967,
    0.030435148187405694,
    0.0204320656366616,
    0.020084550304194475,
    0.0189147196479172,
    0.01891264039644502,
    0.01744024386833899
  ],
  "dev_losses": [
    0.01815351105535463,
    0.016214500474292907,
    0.019955753814429045,
    0.028946131888416507,
    0.0328621415481452,
    0.06863834120092853,
    0.01299176830047321,
    0.02787452372872541,
    0.011107466915892738,
    0.04148536755312835
  ]
}