{
  "train_losses": [
    8829.096754031369,
    0.2191730763127164,
    10.485441309286326,
    0.17498430515435048,
    0.15556238021519853
  ],
  "dev_losses": [
    0.2363142850922375,
    0.24255293335129574,
    0.18557684287065412,
    0.16128791123628616,
    0.14988486668685588
  ]
}