{
  "train_losses": [
    8441.464787930681,
    69.43356422852816,
    0.20063562257351672,
    0.17844023184123925,
    0.15662227417683092
  ],
  "dev_losses": [
    0.22108944450936666,
    0.2091770986231362,
    0.19196577624576847,
    0.16763904363643833,
    0.13663797035086445
  ]
}