{
  "train_losses": [
    6098.782552062784,
    0.13304292458313993,
    0.13286700498358142,
    0.13232420677909765,
    0.13164662418705297
  ],
  "dev_losses": [
    0.1351005882024765,
    0.1346570802171056,
    0.13429732220928844,
    0.13366664709841333,
    0.13366883020938897
  ]
}