{
  "train_losses": [
    2.775166830047965,
    2.6884864652302207,
    2.6705119046950485,
    2.649477296213551,
    2.6307953582713153,
    2.610030266933325,
    2.589114988359009,
    2.5746689964903564,
    2.5596538627656495,
    2.546505488637017
  ],
  "dev_losses": [
    2.2268504362280774,
    2.1346083029014307,
    2.0493151669095204,
    1.9890061616897583,
    1.9556182077745112,
    1.9399332447749813,
    1.9333202947930592,
    1.9308630853164486,
    1.9304712836335345,
    1.9312307325805105
  ]
}