{
  "train_losses": [
    3.1500586918214473,
    3.065744934285559,
    3.021145537495613,
    3.0437392216266654,
    3.0096957707187024,
    3.0375069541538635,
    3.0173920409345047,
    3.0072018227926116,
    3.0598732954481753,
    3.013994939443542
  ],
  "dev_losses": [
    2.9297686059300494,
    2.896419487348417,
    3.0087806160857036,
    2.9220316162923488,
    3.209384147713824,
    3.6895276976794733,
    2.8909934104942696,
    2.8978704577539025,
    3.077560930717282,
    2.9550583856861765
  ]
}