{
  "train_losses": [
    3.2599685012809627,
    3.069480295346035,
    3.045812341013575,
    3.043732704185858,
    3.0631359066905044
  ],
  "dev_losses": [
    3.032361991943852,
    2.9405024205484698,
    3.095840850184041,
    3.203483473870062,
    3.0367022945034887
  ]
}