{
  "train_losses": [
    40.663647519863716,
    3.320132046089909,
    1.5777782934710263,
    1.1531924485433391,
    0.8270539981199474,
    0.5980964674334216,
    0.43323056717834824,
    0.3058852020923684,
    0.20751390353269208,
    0.1347382455095043,
    0.08620444938116442,
    0.05675208400102044,
    0.040004522301165794,
    0.03063070685110562,
    0.025306670759933265,
    0.022428873149352525,
    0.020843495270313043,
    0.01994386999546058,
    0.019376704465537294,
    0.0189779631876788,
    0.0186468987617778,
    0.018314515725081044,
    0.018055118618502727,
    0.017808989634002913,
    0.017607417039012883,
    0.017361486656212708,
    0.017172090887145056,
    0.017027916137802954,
    0.01684098175302814,
    0.016708881108703593,
    0.01658445007993075,
    0.016462410616071333
  ],
  "dev_losses": [
    13.221343178902902,
    1.8187636809964334,
    1.3591917157173157,
    0.9759117730202214,
    0.6989878137265483,
    0.5080571842770423,
    0.3637390723151545,
    0.2521439221116804,
    0.16742539694232325,
    0.10774055111312097,
    0.06980086640725212,
    0.04761248304238243,
    0.03532725626662854,
    0.028187103869934237,
    0.024214588165763887,
    0.022040538279519926,
    0.020963412093659563,
    0.020164035929126606,
    0.019774148511069435,
    0.01951596179916974,
    0.019251293547812007,
    0.018906609741069617,
    0.018651135130635193,
    0.01828774998355056,
    0.018173842345394434,
    0.0179726543175357,
    0.01786203421051464,
    0.01765246157564463,
    0.01748946208446737,
    0.01732642213333278,
    0.017247131394763148,
    0.017270628385426055
  ]
}