{
  "train_losses": [
    7213.212762522406,
    0.030448700236043007,
    0.03087255775519624,
    0.030459045889651086,
    0.03006918079549129
  ],
  "dev_losses": [
    0.03004560760426812,
    0.03366328991676976,
    0.030935102710273207,
    0.02983347097093739,
    0.02980521528004873
  ]
}