{
  "train_losses": [
    2244.887462988178,
    0.15680874463897654,
    0.1543633575074193,
    0.1508765573181757,
    0.49225341503667397
  ],
  "dev_losses": [
    0.15863971921001993,
    0.1561824486749928,
    0.15308766503159593,
    0.1587688025177979,
    0.14677724060488911
  ]
}