{
  "train_losses": [
    1416.9168114876786,
    3.621974277684874,
    0.039486265613515745,
    0.02929645932347673,
    0.029315128661237838
  ],
  "dev_losses": [
    0.030454021174369787,
    0.26723501449678,
    0.02957413504581626,
    0.029553117707553433,
    0.029556122926495423
  ]
}