{
  "train_losses": [
    8.362782141330038,
    2.8317289434645962,
    2.8214033196975543,
    2.82398207631053,
    2.798929970120875,
    2.7919434384193,
    2.7922195912134358,
    2.805469518572819,
    2.7953942179816162,
    2.8442780145830135
  ],
  "dev_losses": [
    2.4956371885974233,
    2.4778860167759222,
    2.45805940613514,
    2.4878217905032924,
    2.5016545616998904,
    2.5216824884821727,
    2.5472385356339013,
    2.5674644766784294,
    2.560137020742021,
    2.680265421910984
  ]
}