{
  "train_losses": [
    8.104727182264735,
    2.9392908055607867,
    2.939173159802832,
    2.9392213494312474,
    2.9385826505902335,
    2.9398653852503474,
    2.9378329413693125,
    2.9387572434980695,
    2.939683957797725,
    2.940076733507761
  ],
  "dev_losses": [
    2.870559802869471,
    2.8684028997653868,
    2.86865090887721,
    2.875147720662559,
    2.868926548376316,
    2.8712636639432207,
    2.869613890240832,
    2.869519931514089,
    2.870841814250481,
    2.8703913717735103
  ]
}