{
  "train_losses": [
    1250.1774632886916,
    0.15436595291035568,
    0.14712692669978955,
    0.6658349706814056,
    0.12615479314245465
  ],
  "dev_losses": [
    0.15514348138396333,
    0.15842000040702703,
    0.13929216881714215,
    0.13272312528839925,
    0.1194223235474854
  ]
}