{
  "train_losses": [
    1122.497544875164,
    0.1546546986167569,
    0.14951505313241265,
    0.13781197666667583,
    0.1256357756011733
  ],
  "dev_losses": [
    0.15492833487507773,
    0.148352487512478,
    0.14055812440630866,
    0.12814778234900498,
    0.12070862222008588
  ]
}