{
  "train_losses": [
    12732.09426715936,
    0.7163348770473243,
    0.1628102703565141,
    10.279420258113888,
    1.2966622786437412
  ],
  "dev_losses": [
    5.692079788301049,
    0.17555655375486467,
    0.14904256782880643,
    0.12280270957001825,
    0.09520418215088727
  ]
}