{
  "train_losses": [
    13677.293292703085,
    0.22667904652473403,
    0.19523325139974676,
    0.16060174053262283,
    0.12594609888179636
  ],
  "dev_losses": [
    0.245158393390295,
    0.21615170978191423,
    0.18207416011065972,
    0.14593400224679853,
    0.11190911791310078
  ]
}