{
  "train_losses": [
    2504.9002440822674,
    0.12449417014538151,
    439.91479694416245,
    0.08184225363202574,
    0.06722896489905329
  ],
  "dev_losses": [
    0.12709790967950008,
    0.10360235575495697,
    0.08788214478550888,
    0.07259111051879279,
    0.057575124474923786
  ]
}