{
  "train_losses": [
    1946.4331759807835,
    0.12830150563542436,
    0.20478697348295188,
    16.440599910545775,
    56.815086066745586
  ],
  "dev_losses": [
    0.13292029354630447,
    0.18851141268160285,
    0.7455245198273077,
    0.4263485179441731,
    0.058785909559668566
  ]
}