{
  "train_losses": [
    3.482055448177384,
    2.9452096967072023,
    2.9456240356695362,
    2.9513831643796546,
    2.9460994619421843,
    2.9527256138077598,
    2.953539554484007,
    2.950752568862787,
    2.948069306953651,
    2.959098284019203
  ],
  "dev_losses": [
    2.9464959255078944,
    2.9516707687843136,
    2.9463744803172784,
    2.959935602618427,
    2.9483853520416634,
    2.960500420593634,
    2.9477593200962717,
    2.9545926538909355,
    2.9547220483058836,
    2.9468079485544343
  ]
}