{
  "train_losses": [
    2.9654742018660394,
    2.433223145605042,
    2.433198047779137,
    2.4331825923447203,
    2.433371502247344,
    2.4332636386474094,
    2.433159797066232,
    2.4331583940855612,
    2.433157765283817,
    2.4331569702750664
  ],
  "dev_losses": [
    1.9997248838587505,
    1.997441647983179,
    1.9967361724958188,
    1.9964714050292969,
    1.996398373347957,
    1.996381591732909,
    1.9963682068557274,
    1.9963645753337116,
    1.9963650790656484,
    1.9963666607693928
  ]
}