{
  "train_losses": [
    1893.3427236156492,
    0.10954177662412204,
    0.10892909584657812,
    0.10896359872436379,
    0.17839471404099974
  ],
  "dev_losses": [
    0.11255373224252607,
    0.10986900729377096,
    0.10912769178791744,
    0.11723057607688554,
    0.10715317217315115
  ]
}