{
  "train_losses": [
    20964.78756417152,
    15.424415909662478,
    318.79287966577016,
    30.552084293307328,
    12.866237101031512
  ],
  "dev_losses": [
    16.65463879050278,
    14.273437604671571,
    13.745930473978927,
    13.071146941766507,
    12.32332962315257
  ]
}