{
  "train_losses": [
    2.9652875397672376,
    2.4348711779613685,
    2.436933481475202,
    2.440601280481532,
    2.4463681265393773,
    2.4546728969165463,
    2.4642008562776736,
    2.4783842156118734,
    2.4972474254304315,
    2.5196680303708447
  ],
  "dev_losses": [
    1.9997251339075042,
    2.001085539416569,
    2.000950968120156,
    1.9978045145185983,
    1.9941934070936063,
    1.9924189310248306,
    1.9918739235982663,
    1.9907717755654963,
    1.9885566576225002,
    1.986690886136962
  ]
}