{
  "train_losses": [
    2.9654742018660394,
    2.4347898160993324,
    2.4370826310137423,
    2.4406622587816744,
    2.4468544272751345,
    2.45387120735718,
    2.4642225438047474,
    2.4782750013443393,
    2.4970187285869585,
    2.519628985285214
  ],
  "dev_losses": [
    1.9997248838587505,
    2.001084218664867,
    2.0010025573939814,
    1.9978378604098064,
    1.9942935225440235,
    1.9924508100602685,
    1.9918829311684865,
    1.9908848259507157,
    1.9884557636772715,
    1.9866901330831575
  ]
}