{
  "train_losses": [
    3.4682289029403433,
    2.9453383029961007,
    2.9450832160144316,
    2.9494914061776023,
    2.94783146879295,
    2.9451391764166877,
    2.9416376270535514,
    2.94472401443778,
    2.942326421781284,
    2.9425249594013865
  ],
  "dev_losses": [
    3.016775496122314,
    3.0116474831976543,
    3.013095011071461,
    3.010717974930275,
    3.0237915050692674,
    3.02027078227299,
    3.014883855494057,
    3.034175372705227,
    3.0118672658757464,
    3.0131329908603575
  ]
}