{
  "train_losses": [
    3.8069953740369984,
    3.0576329187649054,
    3.058758041298971,
    3.057223385427056,
    3.0558127057625026,
    3.061440565782349,
    3.0591170796897353,
    3.096424405349464,
    3.05780896362735,
    3.0483781982485842
  ],
  "dev_losses": [
    2.5762759708776706,
    2.4577029361957456,
    2.500967288889536,
    2.4299372405540653,
    2.4585149317252926,
    2.4357114899449233,
    2.7910245947721526,
    2.694601899240075,
    2.401408480434883,
    2.408264663161301
  ]
}