{
  "train_losses": [
    4.668741892568949,
    2.9416242249128297,
    2.9406557744596062,
    2.9447464352337325,
    2.9407249667295594,
    2.940608602834911,
    2.941843782256289,
    2.941717714434717,
    2.9396205104705766,
    2.942541129523661
  ],
  "dev_losses": [
    2.8957065910827824,
    2.8966166144464074,
    2.896208569770906,
    2.895729485081463,
    2.8960846982351165,
    2.8992723677216508,
    2.90828965204518,
    2.905660332703009,
    2.9011538348546844,
    2.900247508432807
  ]
}