{
  "train_losses": [
    4.32220688105629,
    2.510971005778851,
    2.5060690367003766,
    2.5078401238225947,
    2.5126514604724033,
    2.519547190017453,
    2.5268504695467104,
    2.5350483134616075,
    2.5446114439017524,
    2.5546049325749642
  ],
  "dev_losses": [
    1.986722089895388,
    1.9872721469983823,
    1.9878606730844917,
    1.9876581554005786,
    1.9872624496134317,
    1.9866695142373807,
    1.9865876087328282,
    1.986906572812941,
    1.9886329668324167,
    1.9905768552931344
  ]
}