{
  "train_losses": [
    6.0998668287070545,
    0.024525207775925113,
    0.017331226674908,
    0.015568662986606056,
    0.014913390027131976,
    0.01468133718831601,
    0.014678146935738169,
    0.014903572664361417,
    0.01469854757566444,
    0.014741011959599043
  ],
  "dev_losses": [
    0.05424545299742491,
    0.017778152982974724,
    0.015121720911514374,
    0.014594035786426356,
    0.013582802880855819,
    0.013398472024428268,
    0.01637031626136553,
    0.014679667216935945,
    0.014511754398324316,
    0.013391320676272434
  ]
}