{
  "train_losses": [
    118.10938573818903,
    0.03259191020937046,
    0.02927129721643812,
    0.029279311979757396,
    0.029273900254515976
  ],
  "dev_losses": [
    0.047328335755481954,
    0.029969157310339008,
    0.02992051178816615,
    0.029915249679328466,
    0.02991273772062325
  ]
}