{
  "train_losses": [
    94252.96680746379,
    0.03053217682783015,
    0.030428329799267486,
    0.029985207172746702,
    0.02989593054815309
  ],
  "dev_losses": [
    0.02915572485227774,
    0.02896886027031919,
    0.03147676857415496,
    0.029242510657484937,
    0.030068560548853582
  ]
}