{
  "train_losses": [
    2176.5355322046953,
    66.34442458351756,
    0.2798572539851615,
    114.44574895121794,
    23.957915045144944
  ],
  "dev_losses": [
    1580.776739353087,
    0.09965195770307285,
    4.883886357633079,
    0.9836973257181121,
    3.3868101980628036
  ]
}