{
  "train_losses": [
    107940.15230891758,
    5.521747860023979,
    0.14881475353840648,
    0.13913953048744943,
    0.12785129188900676
  ],
  "dev_losses": [
    0.16112088412046432,
    0.1545343379058489,
    0.14578068192775656,
    0.13524712585821386,
    0.12301576646362863
  ]
}