{
  "train_losses": [
    1073.9206517772045,
    7.846795641203842,
    4.617415582079713,
    0.41920604050250315,
    0.18977846160939918
  ],
  "dev_losses": [
    1.6779164889963663,
    0.10817113218874466,
    0.10423800067567243,
    0.10250969521883058,
    1.6639592778391954
  ]
}